{
  "hash": "05ef2d02",
  "configHash": "55ee4cae",
  "lockfileHash": "9c8d36d0",
  "browserHash": "4b9d3d5d",
  "optimized": {
    "@angular/common": {
      "src": "../../../../../node_modules/@angular/common/fesm2022/common.mjs",
      "file": "@angular_common.js",
      "fileHash": "50d80e49",
      "needsInterop": false
    },
    "@angular/common/http": {
      "src": "../../../../../node_modules/@angular/common/fesm2022/http.mjs",
      "file": "@angular_common_http.js",
      "fileHash": "fa93df18",
      "needsInterop": false
    },
    "@angular/core": {
      "src": "../../../../../node_modules/@angular/core/fesm2022/core.mjs",
      "file": "@angular_core.js",
      "fileHash": "15474d4a",
      "needsInterop": false
    },
    "@angular/platform-browser": {
      "src": "../../../../../node_modules/@angular/platform-browser/fesm2022/platform-browser.mjs",
      "file": "@angular_platform-browser.js",
      "fileHash": "4c459c72",
      "needsInterop": false
    },
    "@angular/router": {
      "src": "../../../../../node_modules/@angular/router/fesm2022/router.mjs",
      "file": "@angular_router.js",
      "fileHash": "68e95724",
      "needsInterop": false
    },
    "@angular/forms": {
      "src": "../../../../../node_modules/@angular/forms/fesm2022/forms.mjs",
      "file": "@angular_forms.js",
      "fileHash": "65387ca1",
      "needsInterop": false
    }
  },
  "chunks": {
    "chunk-YSPTTWBN": {
      "file": "chunk-YSPTTWBN.js"
    },
    "chunk-H4XFGP3N": {
      "file": "chunk-H4XFGP3N.js"
    },
    "chunk-ZQGI3ZYG": {
      "file": "chunk-ZQGI3ZYG.js"
    },
    "chunk-6DT2DWOU": {
      "file": "chunk-6DT2DWOU.js"
    }
  }
}